246.59,286.59,386.64,616.38,942.8,1331.9,1572.6,1371.1,842.52,664.21,958.27,1265.3,1417.4,1474.8,1494.4,1.2,10.6,118,235.32,3518.3,205.5,1504
64.004,64.017,64.073,64.301,65.098,67.714,75.241,88.723,101.04,97.493,75.728,56.391,65.266,112.72,192.31,10,5,21,64,627.9,7.6,387.7
352,352.01,352.03,352.13,352.54,354.18,360.5,379.66,424.43,498.71,610.78,790.77,1041.2,1328.4,1609.6,20,10,12,352,1100,210,2008
320.15,320.61,321.99,326.32,342.5,379.23,451.16,540.88,590.85,530.23,342.06,120.97,13.451,29.355,18.294,5,12,5,320,1310,12,125
164,163.99,163.96,163.8,163.24,160.95,154.17,140.28,128.95,145.99,205.78,305,444.8,625.14,814.91,13,20,14,164,71,500,1100
64.001,64.004,64.018,64.077,64.318,65.277,68.633,79.041,103.69,149.95,222.09,325.59,466.97,647.37,845.9,15,5,20,64,120,440,1200
11.041,11.163,11.514,12.516,15.32,21.013,30.859,44.531,62.095,82.865,105.04,127.01,147.95,167.02,182.03,3,10,8,11,353,70,200
122,121.98,121.93,121.68,120.79,117.17,106.75,85.692,64.003,62.596,83.35,113.86,145.48,171.02,186.8,12,20,15,122,26,900,200
30.021,30.083,30.346,31.341,34.705,43.191,60.391,86.652,120.83,160.03,194.1,205.62,186.31,153.46,130.79,5,24,10,30,284,1005,120
68.002,68.01,68.042,68.176,68.72,70.783,77.561,94.236,122.69,150.94,155.78,122.86,71.166,35.856,22.633,13,8,20,68,627,340,17
2328.2,2406.4,2583.9,2893.1,3097.8,2942.2,2130.6,981.13,410.19,515.69,888.19,1225,1400.3,1468.7,1492.3,1.2,10.6,118,2305.3,3518.3,205.5,1504
3502,3501.9,3501.6,3500.3,3494.8,3472.8,3386.8,3121.2,2497.8,1613.9,985.51,855.93,1013.9,1322.6,1635.4,20,10,12,3502,1100,210,2008
164,164.02,164.08,164.4,165.54,170.33,185.68,224.86,296.48,394.02,511.53,647.72,790.44,916.64,1007.4,13,20,14,164,701,500,1100
603.99,603.97,603.86,603.43,601.67,594.98,573.93,523.22,456.75,441.89,524.09,667.97,826.54,969.03,1076.3,15,5,20,604,120,440,1200
11.041,11.164,11.518,12.528,15.363,21.162,31.386,46.188,66.681,93.614,125.48,157.78,183.78,198.88,203.77,3,10,8,11,353,700,200
122,122.01,122.05,122.22,122.85,125.47,133.6,153.57,188.98,234.33,273.26,285.22,269.07,243.14,222.02,12,20,15,122,260,900,200
299.99,299.98,299.9,299.63,298.75,296.8,294.06,293.39,297.97,301.21,276.6,212.19,149.73,123.52,119.88,5,24,10,300,284,1005,120
68.003,68.012,68.049,68.205,68.843,71.29,79.586,101.6,146.62,216.65,300.85,370.49,377.21,299.84,185.98,13,8,20,68,627,3400,17
2305.3,2305.4,2306,2308.4,2318.8,2341,2275.1,1791.6,934.06,474.83,521.39,698.59,965.42,1238.5,1400.9,10.2,10.6,118,2305.3,3518.3,205.5,1504
604,603.99,603.96,603.8,603.21,600.7,590.83,557.12,474.21,356.93,310.7,377.11,440.53,440.12,416.91,20,5,21,604,627.9,70.6,387.7
3502,3502,3501.8,3501,3498,3484.4,3432.6,3254.6,2788.9,2069.1,1671,1958.9,2323.6,2329.8,2191.8,25,10,12,3502,1100,210,2008
164.38,165.5,169.85,184.08,217.5,281.27,367.12,458.79,542.96,616.53,696.6,798.82,906.28,992.94,1048.5,3,20,14,164,701,500,1100
603.99,603.97,603.89,603.52,602.26,597.59,582.19,544.28,486.01,459.47,524.32,661.91,816.73,955.47,1062.1,15,5,10,604,120,440,1200
11.003,11.014,11.045,11.173,11.626,12.922,16.369,23.258,34.492,50.953,72.785,99.251,127.86,154.26,174.56,7,10,8,11,353,700,200
122,122.01,122.06,122.2,122.86,125.12,132.61,152.11,190.27,241.09,281.06,287.72,262.02,229.71,210.47,12,8,15,122,260,900,200
300,299.98,299.95,299.83,299.49,299.02,300.08,307.88,326.72,342.03,318.38,248.04,174.5,134.73,122.51,5,12,10,300,284,1005,120
68.003,68.011,68.049,68.175,68.636,70.491,76.457,92.809,126.63,180.1,244.08,299.9,323.91,299.93,230.22,13,8,10,68,627,3400,17
1265,1367.9,1609.8,2078.2,2524.2,2678.4,2165.2,1124.9,460.46,503.98,864.83,1209.2,1393.5,1466.2,1491.5,1.2,10.6,118,1235.3,3518.3,205.5,1504
164.01,164.02,164.09,164.37,165.33,168.3,175.42,181.75,168.48,128.35,99.339,115.04,150.75,189.23,249.92,10,5,21,164,627.9,7.6,387.7
1352,1352,1351.9,1351.7,1350.9,1347.5,1333.8,1289.1,1174.5,999.11,908.7,1030.5,1277.3,1531.8,1749.3,20,10,12,1352,1100,210,2008
1320,1319.9,1319.7,1318.8,1315.3,1304.7,1269.9,1171.4,948.69,599.7,273.45,124.73,103.37,110.18,116.37,5,12,5,1320,1310,12,125
1164,1163.8,1163.3,1160.7,1151.3,1112.4,994.29,730.1,384.55,173.03,145.56,234.04,415.43,639.48,842.55,13,20,14,1164,71,500,1100
111.21,111.82,113.58,118.51,131.74,156.12,190,219.58,232.32,223.44,206.31,199.71,202.64,204.38,203.25,3,10,8,111,353,70,200
1121.9,1121.8,1121.1,1117.7,1105.5,1056.2,913.05,617.39,274.88,103.42,93.037,122.9,153.32,176.34,189.64,12,20,15,1122,26,900,200
130.04,130.15,130.64,132.45,138.48,153.08,179.96,214.08,248.15,274.83,276,236.06,178.99,143.61,131.69,5,24,10,130,284,1005,120
168,168.02,168.07,168.27,169.12,172.27,182.31,205.04,235.35,241.76,192.04,104.16,41.356,23.652,21.608,13,8,20,168,627,340,17
2259.2,2340.6,2525.9,2850.7,3072.7,2933.1,2133.2,986.38,411.11,514.42,886.56,1224,1399.9,1468.5,1492.3,1.2,10.6,118,2235.3,3518.3,205.5,1504
264,264.01,264.05,264.21,264.71,265.94,266.47,253.8,202.42,120.63,69.786,73.879,99.962,140.82,206.92,10,5,21,264,627.9,7.6,387.7
2352,2351.9,2351.8,2351.1,2348.2,2336.6,2291.2,2149.3,1809.5,1322.1,1015.7,1083.2,1333,1587,1784.7,20,10,12,2352,1100,210,2008
2319.5,2318,2313.5,2299.3,2246.2,2124.4,1876.2,1506.5,1053.7,584.15,255.1,156.11,162.21,162.61,149.25,5,12,5,2320,1310,12,125
2163.9,2163.7,2162.6,2157.6,2139.2,2063.4,1833.8,1324.5,679.21,351.04,426.86,614.05,736.01,828.68,934.59,13,20,14,2164,71,500,1100
264,264,263.99,263.94,263.78,263.22,262.01,262.72,280.07,341.33,453.61,596.58,752.37,905.82,1034.7,15,5,20,264,120,440,1200
211.18,211.71,213.21,217.37,228.21,246.68,267.02,272.02,249.79,209.27,181.37,180.34,190.24,196.93,199.33,3,10,8,211,353,70,200
2121.9,2121.6,2120.2,2113.6,2089.9,1994,1714.8,1133.3,435.91,17.84,110.49,82.026,26.703,118.56,166.53,12,20,15,2122,26,900,200
268,268.02,268.06,268.27,269.08,272.09,281.33,300.2,316.6,291.51,204.28,104.14,57.52,48.536,38.934,13,8,20,268,627,340,17
364,364,363.98,363.92,363.64,362.09,353.14,317.06,225.34,101.16,12.226,26.565,23.997,25.579,104.87,10,5,21,364,627.9,7.6,387.7
3352,3351.9,3351.6,3350.4,3345.3,3324.6,3244,2994.9,2408.9,1576.8,988.97,881.26,1046.7,1348.8,1650.4,20,10,12,3352,1100,210,2008
3319,3315.8,3306.2,3276.3,3165.2,2916.6,2437.3,1813.8,1227.5,796.8,604.56,599.89,562.79,425.75,287.36,5,12,5,3320,1310,12,125
3163.9,3163.5,3162,3154.4,3126.9,3013.8,2670.9,1909.6,939.32,416.07,437.7,591.3,696.4,800.23,921.02,13,20,14,3164,71,500,1100
364,363.99,363.95,363.79,363.14,360.7,353.27,337.1,323.72,350.4,445.78,596.66,767.99,927.17,1051.4,15,5,20,364,120,440,1200
311.06,311.23,311.72,313.02,316.16,320.19,319.12,300.6,256.34,199.44,159.67,144.04,142.59,153.61,170.96,3,10,8,311,353,70,200
3121.9,3121.4,3119.4,3109.7,3074.7,2933.8,2524.9,1682.3,714.85,257.75,280.1,366.17,347.77,282.69,236.67,12,20,15,3122,26,900,200
329.98,329.93,329.7,328.86,326.12,319.85,309.96,302.43,303.73,308.44,289.8,231.89,169.2,136.68,126.9,5,24,10,330,284,1005,120
368,368.01,368.05,368.19,368.77,370.85,376.79,385.98,379.87,317.91,194.18,76.676,25.904,16.493,15.375,13,8,20,368,627,340,17
4217.1,4155.5,4016.8,3771.1,3513.2,3053.9,2062.4,887.13,388.68,544.56,955.66,1283.7,1428.5,1479.2,1495.9,1.2,10.6,118,4235.3,3518.3,205.5,1504
463.99,463.98,463.9,463.57,462.34,457.5,437.98,378.51,254.78,117.46,54.646,65.293,98.553,139.36,198.67,10,5,21,464,627.9,7.6,387.7
4352,4351.9,4351.4,4349.7,4342.2,4312.4,4196.4,3840.9,3019.8,1899.4,1202.7,1240.3,1584,1859.3,1975.5,20,10,12,4352,1100,210,2008
4318.4,4313.4,4298.2,4251.2,4076.9,3689.5,2955.1,2038.1,1249.4,751.12,587.33,620.58,579,426.39,283.57,5,12,5,4320,1310,12,125
4163.8,4163.4,4161.3,4151.2,4114.6,3963.8,3506.3,2488.1,1177.4,428.74,378.57,530.47,657.75,779.92,910.71,13,20,14,4164,71,500,1100
464,463.98,463.92,463.66,462.59,458.58,446.18,417.91,387.91,405.82,502.1,650.25,811.74,958.11,1070.2,15,5,20,464,120,440,1200
4121.8,4121.2,4118.5,4105.6,4059.2,3872,3328.6,2205.6,900.78,231.82,158.81,218.92,244.22,232.6,216.26,12,20,15,4122,26,900,200
429.94,429.74,428.94,425.95,416.23,393.89,357.94,325.79,313.14,311.09,286.02,222.42,159.64,130.54,123.46,5,24,10,430,284,1005,120
468,468,468.02,468.07,468.29,468.97,470.13,466.6,435.41,341.51,198.99,91.057,61.01,54.768,40.9,13,8,20,468,627,340,17
4217.1,4155.5,4016.8,3771.1,3513.2,3053.9,2062.4,887.13,388.68,544.56,955.66,1283.7,1428.5,1479.2,1495.9,1.2,10.6,118,4235.3,3518.3,205.5,1504
463.99,463.98,463.9,463.57,462.34,457.5,437.98,378.51,254.78,117.46,54.646,65.293,98.553,139.36,198.67,10,5,21,464,627.9,7.6,387.7
4352,4351.9,4351.4,4349.7,4342.2,4312.4,4196.4,3840.9,3019.8,1899.4,1202.7,1240.3,1584,1859.3,1975.5,20,10,12,4352,1100,210,2008
4318.4,4313.4,4298.2,4251.2,4076.9,3689.5,2955.1,2038.1,1249.4,751.12,587.33,620.58,579,426.39,283.57,5,12,5,4320,1310,12,125
4163.8,4163.4,4161.3,4151.2,4114.6,3963.8,3506.3,2488.1,1177.4,428.74,378.57,530.47,657.75,779.92,910.71,13,20,14,4164,71,500,1100
464,463.98,463.92,463.66,462.59,458.58,446.18,417.91,387.91,405.82,502.1,650.25,811.74,958.11,1070.2,15,5,20,464,120,440,1200
410.89,410.55,409.59,406.87,399.42,384.72,359.1,319.21,261.04,200.82,169.26,168.22,177.59,186.81,193.26,3,10,8,411,353,70,200
4121.8,4121.2,4118.5,4105.6,4059.2,3872,3328.6,2205.6,900.78,231.82,158.81,218.92,244.22,232.6,216.26,12,20,15,4122,26,900,200
429.94,429.74,428.94,425.95,416.23,393.89,357.94,325.79,313.14,311.09,286.02,222.42,159.64,130.54,123.46,5,24,10,430,284,1005,120
468,468,468.02,468.07,468.29,468.97,470.13,466.6,435.41,341.51,198.99,91.057,61.01,54.768,40.9,13,8,20,468,627,340,17
4217.1,4155.5,4016.8,3771.1,3513.2,3053.9,2062.4,887.13,388.68,544.56,955.66,1283.7,1428.5,1479.2,1495.9,1.2,10.6,118,4235.3,3518.3,205.5,1504
463.99,463.98,463.9,463.57,462.34,457.5,437.98,378.51,254.78,117.46,54.646,65.293,98.553,139.36,198.67,10,5,21,464,627.9,7.6,387.7
4352,4351.9,4351.4,4349.7,4342.2,4312.4,4196.4,3840.9,3019.8,1899.4,1202.7,1240.3,1584,1859.3,1975.5,20,10,12,4352,1100,210,2008
4318.4,4313.4,4298.2,4251.2,4076.9,3689.5,2955.1,2038.1,1249.4,751.12,587.33,620.58,579,426.39,283.57,5,12,5,4320,1310,12,125
4163.8,4163.4,4161.3,4151.2,4114.6,3963.8,3506.3,2488.1,1177.4,428.74,378.57,530.47,657.75,779.92,910.71,13,20,14,4164,71,500,1100
464,463.98,463.92,463.66,462.59,458.58,446.18,417.91,387.91,405.82,502.1,650.25,811.74,958.11,1070.2,15,5,20,464,120,440,1200
410.89,410.55,409.59,406.87,399.42,384.72,359.1,319.21,261.04,200.82,169.26,168.22,177.59,186.81,193.26,3,10,8,411,353,70,200
4121.8,4121.2,4118.5,4105.6,4059.2,3872,3328.6,2205.6,900.78,231.82,158.81,218.92,244.22,232.6,216.26,12,20,15,4122,26,900,200
429.94,429.74,428.94,425.95,416.23,393.89,357.94,325.79,313.14,311.09,286.02,222.42,159.64,130.54,123.46,5,24,10,430,284,1005,120
468,468,468.02,468.07,468.29,468.97,470.13,466.6,435.41,341.51,198.99,91.057,61.01,54.768,40.9,13,8,20,468,627,340,17
5185.4,5017.1,4645.7,4030.8,3536,2985.2,1974.8,816.64,326.36,465.71,861.3,1213.6,1396.1,1467.2,1491.8,1.2,10.6,118,5235.3,3418.3,205.5,1504
563.98,563.91,563.6,562.33,557.8,542.15,491.52,376.71,201.04,48.661,29.367,53.711,21.498,61.485,165.52,10,5,21,564,347.9,7.6,387.7
5352,5351.9,5351.6,5350.2,5344.5,5321.5,5229.6,4932.9,4177.6,2997,2212.8,2450.5,2875.5,2759.1,2425.1,20,10,12,5352,3400,210,2008
5319.1,5316.3,5307.9,5281.5,5181.9,4951,4465.8,3694.2,2648.2,1450.4,521.92,159.96,112.58,119.14,123,5,12,5,5320,3410,12,125
5163.8,5163.2,5160.6,5147.8,5101.6,4911,4332.4,3042.8,1370.5,366.77,184.84,261.08,394.15,582.26,790.75,13,20,14,5164,41,500,1100
564,563.99,563.95,563.81,563.21,560.96,553.94,537.73,521.07,540.32,628.52,767.87,913.75,1034,1116.1,15,5,20,564,340,440,1200
510.66,509.65,506.79,498.8,477.7,439.59,385.57,324.55,255.4,191.37,157.13,150.36,155.94,168.46,181.82,3,10,8,511,343,70,200
5121.8,5121,5117.7,5101.5,5043.4,4809,4126.1,2700.2,973.27,114.25,530.54,529.36,266.34,23.033,107.34,12,20,15,5122,34,900,200
529.92,529.67,528.64,524.8,512.31,483.58,437.09,394.31,373.18,360.77,319.6,239.56,168.07,135.7,126.24,5,24,10,530,344,1005,120
5185.5,5017.8,4648.9,4048.4,3605.1,3290.4,2694.7,1599.8,667.73,506.36,797.98,1154.4,1368.4,1457.2,1488.5,1.2,15.6,118,5235.3,3418.3,205.5,1504
563.98,563.93,563.7,562.74,558.93,545,503.51,405.33,250.89,105.88,50.365,64.195,97.98,144.27,211.76,10,9,21,564,347.9,7.6,387.7
5352,5351.9,5351.6,5350.3,5345.2,5322.2,5236.5,4950.2,4216.6,3012,2037.8,1991.8,2319,2344,2201.5,20,15,12,5352,3400,210,2008
5319.1,5316.4,5308.3,5276.7,5175.4,4933.6,4444.8,3729.1,2792.6,1632.4,625.62,154.65,60.927,67.324,89.27,5,15,5,5320,3410,12,125
5163.8,5163.2,5159.8,5147.8,5096.3,4887.2,4252,2870.2,1200.9,319.91,223.23,318.65,436.22,608.92,810.85,13,25,14,5164,41,500,1100
510.66,509.68,506.87,497.41,474.05,434.09,387.3,340.47,287.16,226.85,186.07,176.73,181.99,189.01,194.34,3,15,8,511,343,70,200
5121.8,5121,5116.7,5101.7,5037.7,4783.8,4048.7,2577.6,1017.5,399.69,510.68,629.2,528.56,371.04,273.02,12,25,15,5122,34,900,200
529.92,529.67,528.64,524.8,512.29,481.98,435.7,392.68,371.36,358.2,316.17,235.63,164.32,133.46,125.3,5,25,10,530,344,1005,120
5234.6,5231.1,5212.7,5140.9,4868.7,4256.4,3298.1,1999.7,807.06,422.47,502.96,713.15,1028.6,1292.3,1426.1,5.2,15.6,115,5235.3,3418.3,205.5,1504
563.98,563.93,563.7,562.74,558.5,544.06,497.08,393.36,230.52,90.431,43.693,59.27,92.095,141.69,215.26,10,9,25,564,347.9,7.6,387.7
5351.9,5351.5,5349.8,5342.8,5315,5215,4924.6,4253.7,3146.5,1828.6,888.02,544.09,588.42,954.08,1414.9,10,15,15,5352,3400,210,2008
5319.9,5319.5,5317.8,5312,5288.7,5206.8,4950.2,4340.9,3260.7,1832.3,621.76,93.483,22.047,23.691,24.63,10,15,9,5320,3410,12,125
5163.8,5163.2,5159.8,5147.8,5090.8,4887.2,4231.5,2827.7,1169,308.51,222.6,318.55,438.2,614.51,817.15,13,25,15,5164,41,500,1100
510.66,509.68,506.88,497.42,476.46,438.73,393.97,349.43,302.1,248.4,206.8,190.16,188.8,191.74,195.19,3,15,5,511,343,70,200
5121.8,5121,5116.6,5098.6,5029.9,4765,3961.7,2355.4,652.84,311.32,658.82,561.7,241.23,2.4165,121.6,12,25,19,5122,34,900,200
529.92,529.67,528.65,524.12,511.1,479.1,431.95,392.31,380.63,382.19,349.76,262.75,177,138.59,128.85,5,25,15,530,344,1005,120
5234.6,5231.1,5216.5,5158.1,4945.3,4409,3572.2,2418.4,1105.7,337.49,213.02,410.1,780.98,1136.6,1352.6,5.2,15.6,75,5235.3,3418.3,205.5,1504
563.98,563.9,563.53,561.89,554.14,523.29,432.23,258.79,67.061,53.329,108.93,81.728,14.2,137.38,254.9,10,9,75,564,347.9,7.6,387.7
5351.9,5351.2,5348.6,5334.7,5275.8,5043.5,4399.7,3144.2,1577.9,574.46,468.24,854.28,1437.4,1806.4,1941.9,10,15,75,5352,3400,210,2008
5319.9,5319.2,5316.6,5302.7,5243.6,4999,4319.3,2961,1203.7,37.346,533.36,581.09,316.32,69.04,52.883,10,15,79,5320,3410,12,125
5163.8,5162.9,5158.8,5137.6,5029,4608.9,3396.5,1519.5,347.09,180.44,269.52,415.25,641.56,869.29,1007.4,13,25,75,5164,41,500,1100
510.66,509.68,506.87,497.41,474.07,436.36,388.98,343.09,292.1,234.11,193.72,183.55,187.79,193.08,196.58,3,15,7,511,343,70,200
5121.8,5121,5116.6,5101.6,5030.6,4768.1,3998.3,2473.9,895.91,185.89,101.08,123.64,147.88,170.31,186.2,12,25,17,5122,34,900,200
529.92,529.54,527.97,520.92,497.55,451.15,404.9,403.51,466.16,556.36,573.92,460.29,303.88,198.83,149.26,5,25,75,530,344,1005,120
5234.6,5232.3,5219.9,5173.5,5029.1,4650.9,3976,3023.1,1811.2,725.2,321.78,425.96,710.71,1030,1272.8,5.2,15.6,35,5235.3,3418.3,205.5,1504
563.98,563.93,563.62,562.56,557.56,539.09,483.65,360.17,189.75,66.817,44.161,68.754,102.97,157.94,238.09,10,9,35,564,347.9,7.6,387.7
5351.9,5351.5,5349.2,5339.9,5301.2,5157,4724.2,3821.4,2440.7,1163.8,697.55,938.41,1396.3,1756,1921.3,10,15,35,5352,3400,210,2008
5319.9,5319.5,5317.2,5307.9,5265.4,5116.3,4659.2,3661.7,2147.9,749.08,181.77,168.37,201.26,180.41,151.59,10,15,39,5320,3410,12,125
5163.8,5163.2,5159.8,5143.1,5072.7,4781.4,3911.7,2271.2,726.37,216.14,255.37,363.77,516.84,729.42,917.47,13,25,35,5164,41,500,1100
564,563.99,563.93,563.69,562.67,558.56,545.19,515.28,483.43,495.66,582.54,728.97,890.2,1027.5,1119.1,15,9,35,564,340,440,1200
510.66,509.68,504.74,491.76,457.02,405.66,350.02,284.67,198.09,130.38,118.96,141,164.73,181.48,191.51,3,15,37,511,343,70,200
5121.8,5121,5116.6,5095.6,5007.9,4654.9,3657.6,1891.1,417.21,133.67,202.29,71.661,74.911,149.9,180.89,12,25,37,5122,34,900,200
529.92,529.67,528.33,523.4,505.97,467.47,418.58,393.03,412.57,455.96,446.02,333.21,193.44,122.96,111.13,5,25,35,530,344,1005,120
5234.6,5232.3,5222.9,5180.6,5054.8,4720.6,4109.4,3251.5,2159.7,1088.9,590.96,615.5,822.92,1076.3,1284.2,5.2,15.6,25,5235.3,3418.3,205.5,1504
563.98,563.93,563.7,562.74,558.5,544.06,497.08,393.36,230.52,90.431,43.693,59.27,92.095,141.69,215.26,10,9,25,564,347.9,7.6,387.7
5351.9,5351.5,5349.8,5341.4,5308.4,5187.1,4821.2,4029.8,2766.4,1449.1,799.37,850.25,1137.2,1458.8,1724.7,10,15,25,5352,3400,210,2008
5319.9,5319.5,5317.2,5309.4,5272.8,5139.3,4744.9,3855.4,2437.6,914.97,6.9467,296.15,311.76,161.25,13.124,10,15,29,5320,3410,12,125
5163.8,5163.2,5159.8,5145.5,5079,4836.4,4063.5,2519.6,908.89,236.68,222.83,324.56,466.48,670.86,872.67,13,25,25,5164,41,500,1100
564,563.99,563.94,563.74,562.88,559.54,548.75,523.47,494.17,503.12,585.07,726.63,883.92,1018.4,1110.4,15,9,25,564,340,440,1200
510.66,509.68,505.86,491.74,461.77,412.68,359.11,295.83,211.34,136.62,116.93,135.73,159.88,178.63,190.14,3,15,27,511,343,70,200
5121.8,5121,5116.6,5098.8,5016.2,4722.6,3835.7,2196.2,711.7,239.01,286.15,323.34,286.28,241.28,216.05,12,25,27,5122,34,900,200
529.92,529.67,528.33,524.13,508.59,473.21,423.7,391.12,394.27,415.47,398.05,314.98,221.43,164.82,138.57,5,25,25,530,344,1005,120
5234.6,5232.3,5219.9,5173.6,5002.5,4582.8,3856.4,2866.5,1646.3,738.98,567.16,742.02,965.31,1194,1360.8,5.2,15.6,45,5235.3,3418.3,205.5,1504
563.98,563.93,563.62,562.36,556.53,535.82,471.19,332.97,155.52,45.237,27.623,45.621,83.466,154.79,247.2,10,9,45,564,347.9,7.6,387.7
5351.9,5351.5,5349.2,5338.3,5293.4,5124.5,4635.9,3628.7,2170,925.65,526.09,649.39,878.64,1148.7,1460.5,10,15,45,5352,3400,210,2008
5319.9,5319.5,5317.2,5306.3,5261.3,5082.8,4567,3455.6,1855.7,432.51,220.06,392.14,289.85,94.836,33.003,10,15,49,5320,3410,12,125
5163.8,5162.9,5159.8,5140.4,5059.3,4737.3,3778.6,2038.8,588.91,192.88,251.58,367.28,545.25,771.27,948.48,13,25,45,5164,41,500,1100
564,563.99,563.93,563.65,562.44,557.76,541.88,507.75,474.09,486.81,572.69,721.66,892.2,1037.3,1128.4,15,9,45,564,340,440,1200
510.66,509.68,504.74,489.72,452.19,398.6,341.9,270.06,175.33,101.8,78.593,93.289,128.91,162.45,183.2,3,15,47,511,343,70,200
5121.8,5120.6,5116.6,5092.4,4991.9,4605.1,3498.4,1730.3,458.22,219.18,289.69,300.3,261.17,225.34,208.68,12,25,47,5122,34,900,200
529.92,529.67,528.33,522.62,504.63,463.23,413.9,394.92,427.15,484.86,480.14,353.74,191.2,110.02,101.42,5,25,45,530,344,1005,120
5234.6,5232.4,5220.4,5168.6,4986.7,4566.1,3947.3,3237.6,2240.9,1056.3,477.89,605.75,943.52,1238.9,1400.2,5.2,25.6,45,5235.3,3418.3,205.5,1504
563.99,563.93,563.72,562.49,557.5,539.19,489.56,402.84,284.19,145.94,58.453,69.404,147.92,250.81,326.82,10,29,45,564,347.9,7.6,387.7
5351.9,5351.5,5349.5,5339.8,5296.4,5132,4691.6,3867.7,2707,1429.4,726.39,802.7,1198.3,1607.5,1850.5,10,25,45,5352,3400,210,2008
5319.9,5319.3,5317.5,5306.5,5261.5,5095.2,4632.8,3774.1,2513.5,1119.4,380.8,336.89,324.77,234.81,170.48,10,25,49,5320,3410,12,125
5163.8,5163.2,5159.7,5143,5072.1,4778.5,3898.6,2214.3,514.57,320.16,511.4,218.18,263.71,661.98,906.89,13,15,45,5164,41,500,1100
564,563.98,563.9,563.55,561.84,554.75,531.33,481.68,431.74,437.41,524.88,683.36,872.89,1034.6,1131.2,15,29,45,564,340,440,1200
510.67,509.69,504.8,487.94,451.26,400.08,358.08,318.87,254.55,172.32,127.14,132.75,157.44,179.24,191.52,3,25,47,511,343,70,200
5121.8,5120.6,5115.4,5092.4,4991.9,4587.4,3451.3,1657.5,453.12,291.06,392.46,372.01,291.87,236.7,212.96,12,29,47,5122,34,900,200
529.92,529.67,528.33,522.6,503.12,459.85,409.59,387.18,411.53,463.85,464.7,350.87,198.24,119.68,108.14,5,29,45,530,344,1005,120
5234.6,5231.2,5217.3,5161.8,4977,4539.2,3962.1,3415,2717.7,1655.2,824.33,725.18,972.61,1228.7,1388.7,5.2,35.6,45,5235.3,3418.3,205.5,1504
563.99,563.93,563.67,562.53,557.24,537.52,486.82,405.6,301.69,156.47,19.421,44.73,148.04,279.84,348.82,10,39,45,564,347.9,7.6,387.7
5351.9,5351.4,5349,5338.7,5291.2,5120.7,4680.7,3941,2994,1826.9,928.46,841.5,1185.9,1568.1,1820.6,10,35,45,5352,3400,210,2008
5319.9,5319.4,5317.1,5307,5260.3,5085.2,4628.7,3865.7,2820,1427.2,313.93,98.966,183.65,177.27,148.96,10,35,49,5320,3410,12,125
5163.8,5162.9,5158.8,5140.4,5052.1,4690.9,3644.2,1842,492.56,232.77,357.63,470.88,616.6,819.2,975.28,13,35,45,5164,41,500,1100
564,563.98,563.9,563.55,561.66,553.95,527.35,473.01,419.83,422.92,508.08,668.54,864.1,1031.8,1131.1,15,39,45,564,340,440,1200
510.67,509.17,504.82,485.89,447.07,397.56,360.81,334.91,293.4,224.31,171.88,170.72,184.32,192.06,196.41,3,35,47,511,343,70,200
5121.8,5120.6,5115.4,5092.4,4973.8,4530.9,3300.1,1452.1,288.69,58.021,62.392,100.68,148.37,178.88,192.32,12,39,47,5122,34,900,200
529.92,529.53,527.96,521.73,500.12,454.92,402.57,375.66,387.17,427.41,433.56,333.84,189.82,124.17,114.9,5,39,45,530,344,1005,120
5234.6,5231.3,5217.4,5162.1,4964.8,4503.3,3941.2,3479.3,2939.2,1999.5,1053.5,832.85,1109.1,1361.1,1461.6,5.2,45.6,45,5235.3,3418.3,205.5,1504
563.99,563.93,563.67,562.37,556.91,535.58,484.44,408.63,327.96,227.03,135.83,147.31,245.93,330.94,368.42,10,49,45,564,347.9,7.6,387.7
5351.9,5351.4,5349.1,5337.3,5288.2,5102.9,4646.4,3935.9,3090.4,1862.4,478.79,115.2,692.04,1419,1790.7,10,45,45,5352,3400,210,2008
5319.9,5319.4,5317.1,5305.7,5257.5,5068.5,4608.5,3884.8,2956.2,1492.9,270.21,1116.5,827.52,325.41,46.986,10,45,49,5320,3410,12,125
5163.8,5162.9,5158.8,5137.6,5044.7,4658.7,3508.3,1671.6,406.33,209.09,326.12,435.52,602.58,823.04,981.43,13,45,45,5164,41,500,1100
564,563.98,563.9,563.49,561.5,552.81,524.07,465.8,410.74,411.99,494.6,655.54,855.61,1028.6,1130.6,15,49,45,564,340,440,1200
510.67,509.17,503.59,485.9,444.96,394.4,360.06,338.57,304.78,238.74,171.89,155.66,169.9,184.63,193.57,3,45,47,511,343,70,200
5121.8,5120.6,5115.4,5088.9,4965,4476.5,3194.9,1372.8,492.02,667.42,854.86,658.32,406.64,276.44,226.38,12,49,47,5122,34,900,200
529.92,529.53,527.95,521.72,498.58,451.76,396.97,367.58,368.21,392.77,402.1,332.13,218.55,149.67,127.52,5,49,45,530,344,1005,120
5234.6,5231.3,5217.4,5154.4,4938.3,4480,3923.5,3523.4,3132.7,2361.6,1277.9,731.6,921.99,1234.4,1402.4,5.2,55.6,45,5235.3,3418.3,205.5,1504
563.99,563.93,563.68,562.38,556.09,534.27,480.61,409.86,347.93,275.51,186.21,168.62,249.61,329.48,367.06,10,59,45,564,347.9,7.6,387.7
5351.9,5351.4,5349.1,5337.5,5284.9,5091.2,4610.5,3939.1,3242.5,2298.6,1217.1,883.07,1288,1695.4,1893.4,10,55,45,5352,3400,210,2008
5319.9,5319.4,5317.2,5305.8,5250.3,5057.1,4574.3,3890.6,3103,1823.9,30.758,1079.7,939.23,408.75,81.941,10,55,49,5320,3410,12,125
5163.8,5162.9,5158.8,5137.5,5028.6,4607.1,3387.3,1479.5,213.31,101.16,65.731,155.17,476.03,782.13,970.58,13,55,45,5164,41,500,1100
564,563.98,563.9,563.43,561.34,552.08,521.14,461.21,411.18,436.62,593.72,865.13,1084.3,1170.7,1192.6,15,59,45,564,340,440,1200
510.67,509.17,503.59,483.75,440.74,391.41,359.24,341.68,315.87,257.4,180.28,145.97,160.24,181.43,192.94,3,55,47,511,343,70,200
5121.8,5120.6,5115.4,5088.8,4954.5,4433.5,3034.8,1170.4,166.58,20.658,45.77,13.533,103.28,160.72,185.92,12,59,47,5122,34,900,200
529.92,529.53,527.95,520.83,497.08,447.54,393.43,364.33,362.55,382.17,394.11,343.11,251.12,180,143.07,5,59,45,530,344,1005,120
5234.6,5231.3,5217.4,5154.4,4938.4,4480.6,3926.6,3539.1,3206.1,2632.3,1904.8,1528.1,1492.3,1505.4,1506.4,5.2,55.6,45,5235.3,3418.3,905.5,1504
563.99,563.93,563.68,562.38,556.06,534.12,479.89,406.5,334.97,242.17,141.1,137.76,232.49,319.3,362.42,10,59,45,564,347.9,9.6,387.7
5351.9,5351.4,5349.1,5337.5,5285.1,5092.6,4618.1,3974.7,3389.5,2748,2071.3,1809.5,1886.8,1965.5,1994.5,10,55,45,5352,3400,910,2008
5163.8,5162.9,5158.8,5137.6,5029.3,4610.3,3403.3,1552.4,478.01,515.41,704.1,675.98,703.83,860.38,995.44,13,55,45,5164,41,900,1100
564,563.98,563.9,563.43,561.35,552.13,521.41,462.47,415.52,441.34,560.52,743.51,936.48,1080.1,1154.4,15,59,45,564,340,940,1200
510.67,509.17,503.59,483.75,440.74,391.45,359.47,342.78,320.42,271.77,210.88,186.46,191.84,197.26,199.14,3,55,47,511,343,90,200
5121.8,5120.6,5115.4,5088.7,4954.4,4432.8,3031.1,1152.5,94.16,223.06,358.26,237,18.943,114.5,170.01,12,59,47,5122,34,1900,200
530.11,530.66,532.89,543.04,577.8,655.9,759.12,844.03,883.2,847.53,672.46,365.34,131.1,74.803,91.896,5,59,45,530,944,1005,120
567.99,567.97,567.85,567.23,564.08,551.69,514.57,451.02,401.19,390.37,368.59,272.01,151.28,73.058,37.386,13,55,45,568,347,940,17
5234.6,5231.3,5217.4,5154.4,4938.8,4482.2,3934.5,3575.7,3347.6,3004.4,2446.6,1917.4,1640,1544.8,1516.7,5.2,55.6,45,5235.3,3418.3,1905.5,1504
563.99,563.93,563.68,562.38,556.07,534.15,480.02,407.12,337.61,250.68,158.69,160.35,252.74,331.69,367.77,10,59,45,564,347.9,19.6,387.7
5351.9,5351.4,5349.1,5337.6,5285.4,5094,4624.8,4006.5,3519.9,3141.5,2826.8,2758,2863.1,2949.5,2987.3,10,55,45,5352,3400,1910,3008
5319.9,5319.4,5317.2,5305.8,5250.5,5058.1,4579.6,3916.8,3220.5,2252.8,1128,616.16,614.18,639,634.23,10,55,49,5320,3410,192,625
5163.8,5162.9,5158.8,5137.6,5029.2,4610,3402,1546.2,454.18,454.92,621.95,619.91,683.66,856.89,995.5,13,55,45,5164,41,1900,1100
564,563.98,563.9,563.43,561.35,552.13,521.44,462.62,416.63,448.3,587.51,797.61,993.27,1114.7,1169.2,15,59,45,564,340,1940,1200
510.67,509.17,503.59,483.76,440.78,391.61,360.27,346.51,335.84,319.08,300.35,284.5,358.31,610.26,833.97,3,55,47,511,343,190,1000
5121.8,5120.6,5115.4,5088.8,4954.4,4433,3032.5,1159.3,121.48,146.78,239.89,140.19,30.107,133.76,176.79,12,59,47,5122,34,2900,200
530.11,530.66,532.89,543.06,577.87,656.24,760.84,852.32,918.22,960.37,909.51,675.07,406.84,245.44,167.36,5,59,45,530,944,2005,120
567.99,567.97,567.85,567.24,564.1,551.83,515.3,454.59,416.72,443.66,493.06,447.35,291.95,144.7,65.725,13,55,45,568,347,1940,17
5234.6,5231.3,5217.4,5154.5,4938.9,4482.7,3937.2,3588.4,3399.3,3154.9,2690.1,2099.1,1696.7,1549.9,1514.6,5.2,55.6,45,5235.3,3418.3,2905.5,1504
563.99,563.93,563.68,562.38,556.07,534.17,480.14,407.72,340.13,258.87,175.85,181,266.5,337.5,369.8,10,59,45,564,347.9,29.6,387.7
5351.9,5351.4,5349.1,5337.6,5285.5,5094.7,4628.9,4025.5,3595.9,3355.8,3175.1,3057.3,3015.1,3007.8,3007.5,10,55,45,5352,3400,2910,3008
5319.9,5319.4,5317.2,5305.8,5250.6,5058.3,4580.7,3922,3241.4,2312,1223.2,695.19,651.95,652.64,638.8,10,55,49,5320,3410,292,625
5163.8,5162.9,5158.8,5137.6,5029.2,4609.9,3401.6,1544.5,447.89,439.2,600.99,606.08,679.15,856.43,995.7,13,55,45,5164,41,2900,1100
564,563.98,563.9,563.44,561.37,552.24,522.01,465.42,428.33,483.68,652.12,866.21,1039.2,1136.2,1177.4,15,59,45,564,340,2940,1200
510.67,509.17,503.6,483.76,440.8,391.73,360.85,349.3,347.88,361.3,416.71,536.29,694.01,838.87,931.7,3,55,47,511,343,290,1000
5121.8,5120.6,5115.4,5088.8,4954.5,4433.6,3035.2,1172.4,174.33,1.4519,8.7572,49.011,125.29,170.79,189.74,12,59,47,5122,34,3900,200
530.11,530.66,532.9,543.06,577.91,656.44,761.82,857.08,938.7,1029,1063,880.11,574.73,345.04,211.09,5,59,45,530,944,3005,120
567.99,567.97,567.85,567.24,564.12,551.9,515.67,456.42,424.99,474.58,580.43,620.41,505.67,298.75,138.95,13,55,45,568,347,2940,17
5234.6,5231.3,5217.4,5154.4,4938.7,4481.6,3931.9,3564.3,3310.3,2955.7,2582.6,2524.4,2690,2818.7,2874.6,5.2,55.6,45,5235.3,3418.3,1504,2905.5
564.02,564.13,564.6,567.02,578.88,620.92,730.43,891.11,1010.9,949.99,615.18,194.67,5.1044,15.819,8.14,10,59,45,564,1347.9,387.7,29.6
5351.9,5351.2,5348.4,5334,5268.9,5030.6,4450.4,3699.1,3133.1,2722.5,2424,2446.2,2657.1,2807.8,2873.6,10,55,45,5352,3008,1400,2910
5319.9,5319.4,5317.2,5305.8,5250.6,5058.5,4581.2,3923.9,3242,2258.6,905.03,36.99,183.27,15.334,109.57,10,55,49,5320,3410,625,192
5163.9,5163.6,5162.4,5155.8,5121.7,4987.5,4577.9,3819.7,2935.6,1888.7,726.83,251.24,515.6,842.02,1005.2,13,55,45,5164,2900,41,1100
564,563.98,563.9,563.44,561.37,552.23,521.92,465.06,427.76,491.07,720.63,1152.2,1766,2353.2,2705.6,15,59,45,564,340,1200,2940
510.67,509.17,503.6,483.77,440.84,391.94,361.87,353.92,365.17,401.62,441.27,427.92,370.4,324.22,302.52,3,55,47,511,343,1000,290
5121.8,5120.6,5115.4,5088.8,4954.4,4432.8,3031.2,1153.7,102.16,180.27,217.02,132.57,952.13,2100.4,3068.7,12,59,47,5122,34,200,3900
530.11,530.66,532.89,543.02,577.7,655.37,756.44,831.45,834.35,726.2,589.01,714.19,1263.4,2025.7,2590.8,5,59,45,530,944,120,3005
567.99,567.97,567.85,567.23,564.03,551.48,513.54,446.22,383.59,356.53,405.41,621.79,1113.8,1844.6,2452.6,13,55,45,568,347,170,2940
5234.6,5231.3,5217.4,5154.4,4938.8,4482.1,3934.2,3575.1,3353.1,3074.5,2774.8,2692.7,2779.2,2854.3,2887.3,5.2,55.6,45,5235.3,3418.3,1904,2905.5
564.02,564.13,564.6,567.02,578.88,620.92,730.46,891.25,1011.5,951.85,618.3,196.72,5.1097,16.339,7.8423,10,59,45,564,1347.9,397.7,29.6
5351.9,5351.2,5348.4,5334,5269,5031.1,4452.6,3709.4,3173.3,2829.9,2577.5,2550.2,2695.1,2818.6,2876.7,10,55,45,5352,3008,1900,2910
5319.9,5319.4,5317.2,5305.8,5250.6,5058.5,4581.3,3924.3,3243.6,2265.9,937.02,39.399,99.898,33.54,129.85,10,55,49,5320,3410,695,192
5163.9,5163.6,5162,5153.9,5112.4,4949,4455.1,3569.1,2645.3,1778.8,1001.4,764.3,898.55,1019.5,1071.7,13,55,45,5164,2500,41,1100
564,563.98,563.9,563.44,561.37,552.25,522.04,465.61,429.91,496.46,727.86,1159.5,1772.1,2355.7,2706.3,15,59,45,564,340,1900,2940
510.67,509.17,503.6,483.77,440.87,392.07,362.56,357.17,379.14,448.75,550.76,587.12,509.21,401.3,334.58,3,55,47,511,343,1900,290
5121.8,5120.6,5115.4,5088.8,4954.5,4433.6,3035.2,1172.2,174.41,9.3641,57.034,368.25,1138.2,2246.6,3152.4,12,59,47,5122,34,290,3900
530.11,530.66,532.89,543.03,577.73,655.5,757.12,834.74,848.57,774.87,705.88,900.21,1439.8,2103.9,2601.8,5,59,45,530,944,190,3005
567.99,567.97,567.85,567.23,564.04,551.5,513.65,446.78,385.91,363.68,417.97,623.09,1066.6,1759.6,2390,13,55,45,568,347,190,2940
5934.3,5929.5,5909.5,5818.7,5508.8,4857.4,4092.3,3618.5,3362.5,3073.8,2772.2,2692.9,2780.9,2855.6,2887.9,5.2,55.6,45,5935.3,3418.3,1904,2905.5
594.02,594.13,594.6,597,608.78,650.47,758.71,915.92,1028.8,958.18,615.04,192.77,4.7231,14.772,8.7225,10,59,45,594,1347.9,397.7,29.6
5951.8,5951,5947.3,5928.7,5844.5,5537,4793.7,3854.1,3207.7,2830.4,2565.4,2535.4,2685.2,2814.1,2875,10,55,45,5952,3008,1900,2910
5919.9,5919.2,5916.2,5900.8,5825.9,5566.2,4927.3,4075.3,3275.6,2242.3,867.09,70.155,202.94,24.46,106.07,10,55,49,5920,3410,695,192
5963.9,5963.4,5961.3,5950.4,5894.4,5674.7,5013.9,3848,2688.6,1665.3,718.71,415.49,668.31,919.89,1035.6,13,55,45,5964,2500,41,1100
594,593.98,593.89,593.35,590.96,580.41,545.46,479.81,435.33,497.68,724,1140,1732.7,2319,2686.7,15,59,45,594,340,1900,2940
590.49,588.17,579.55,548.98,483.37,410.33,367.95,359.53,382.47,450.98,535.29,540.44,454.36,366.43,319.25,3,55,47,591,343,1900,290
5921.7,5920.3,5914.4,5883.5,5728.1,5124.9,3506.1,1351.4,204.22,28.482,86.773,397.47,1163.9,2267.2,3164.1,12,59,47,5922,34,290,3900
530.24,531.4,536.17,558.01,634.17,814.25,1082.8,1354.8,1511.8,1416.2,1124.2,1144.5,1741.7,2416.7,2786.5,5,59,45,530,1944,190,3005
597.99,597.96,597.83,597.11,593.44,579.05,535.77,460.55,396.78,382.62,444.09,640.2,1064.3,1744.3,2377.2,13,55,45,598,347,190,2940
935.7,937.52,945.05,979.84,1104,1398.1,1863.1,2365.4,2752.2,2887.6,2788.4,2713.4,2777.9,2853.2,2887.6,5.2,55.6,45,935.32,3418.3,1904,2905.5
94.009,94.051,94.234,95.176,99.844,116.9,165.4,255.45,381.88,511.57,560.62,454.97,267.99,130.64,66.436,10,59,45,94,1347.9,397.7,29.6
952.05,952.29,953.32,958.61,982.77,1074.1,1317.1,1707,2114.1,2381.4,2472.3,2549.4,2695.1,2815.8,2875.1,10,55,45,952,3008,1900,2910
920.05,920.31,921.42,927.11,955.13,1055.3,1323.2,1744.7,2132.3,2148.3,1525.8,636.81,168.99,113.4,151.94,10,55,49,920,3410,695,192
964.02,964.11,964.51,966.58,977.3,1019.9,1152.8,1403.9,1629,1535.9,997.53,518.69,566.23,825.93,992.59,13,55,45,964,2500,41,1100
993.99,993.93,993.66,992.06,984.94,953.55,849.7,653.47,494.02,520.93,753.64,1184.1,1785,2358.6,2706.3,15,59,45,994,340,1900,2940
889.73,884,862.77,788,630.91,465.32,379.77,362.1,383.57,451,529.57,525.24,437.81,356.63,315.11,3,55,47,891,343,1900,290
921.96,921.76,920.88,916.33,893.42,804.34,563.9,237.13,43.706,13.815,36.442,367.4,1161.9,2277.8,3172.5,12,59,47,922,34,290,3900
730.26,731.5,736.61,759.92,840.57,1026.9,1289.5,1524.8,1613.5,1434.9,1087.3,1096.6,1675.7,2357.6,2758,5,59,45,730,1944,190,3005
997.98,997.89,997.48,995.36,984.49,942.01,815.98,604.87,441.11,402.47,472.52,698.44,1198.2,1922.9,2498.7,13,55,45,998,347,190,2940
935.34,935.41,935.73,937.43,946.41,985.93,1123.6,1441.1,1898,2314.7,2543.4,2638,2735.6,2826.3,2875.4,15.2,55.6,45,935.32,3418.3,1904,2905.5
94.001,94.006,94.029,94.17,94.868,98.225,111.86,152.09,231.56,335.55,415.53,395.52,270.9,143.29,72.911,20,59,45,94,1347.9,397.7,29.6
952.01,952.04,952.17,952.96,956.61,974.96,1047.8,1254,1619.9,2011.5,2298.3,2496.7,2675.9,2807,2871.8,20,55,45,952,3008,1900,2910
920.01,920.04,920.18,921.01,925.18,945.03,1023.9,1241.2,1588.8,1796.7,1497.6,747.96,188.55,76.685,126.45,20,55,49,920,3410,695,192
964,964.02,964.09,964.51,966.62,976.48,1018.8,1144.3,1344.5,1389.4,1034.1,575.31,548.61,795.34,977.56,23,55,45,964,2500,41,1100
994,993.98,993.93,993.58,991.84,982.89,945.22,830.27,644.48,569.16,737.77,1099.2,1607.5,2177.5,2604,25,59,45,994,340,1900,2940
890.98,890.91,890.57,888.84,879.94,845.18,740.35,569.7,453.55,470.55,554.16,575.13,492.67,390.06,329.23,13,55,47,891,343,1900,290
921.99,921.96,921.82,920.94,916.6,894.83,808.45,577.24,263.07,135.5,234.39,532.42,1266.3,2376.2,3249,22,59,47,922,34,290,3900
730.01,730.06,730.26,731.48,736.92,761.33,846.08,1029.1,1241.8,1306.9,1169,1216.2,1764.5,2402.8,2772,15,59,45,730,1944,190,3005
998,997.98,997.91,997.45,995.18,984.62,939.6,807.44,590.28,436.68,467.75,762.46,1398.4,2150.3,2630.5,23,55,45,998,347,190,2940
935.34,935.41,935.73,937.18,944.39,977.63,1091,1363.6,1772.6,2152.6,2386.6,2538.8,2690.5,2807.9,2868.1,15.2,35.6,45,935.32,3418.3,1904,2905.5
94.001,94.006,94.029,94.15,94.708,97.508,108.5,142.19,210.02,297.91,359.97,335.42,228.4,123.54,65.999,20,39,45,94,1347.9,397.7,29.6
952.01,952.04,952.16,952.85,956,971.02,1029.6,1203.3,1522.6,1882.6,2168,2402.8,2622.9,2781.1,2860.8,20,35,45,952,3008,1900,2910
920.01,920.04,920.17,920.87,924.11,940.21,1001.8,1176,1448.8,1566.9,1242.4,624.52,219.04,136.79,158.78,20,35,49,920,3410,695,192
964,964.02,964.08,964.42,965.99,973.58,1005.4,1097.1,1230.9,1191.9,821.63,487.65,568.77,823.43,989.39,23,35,45,964,2500,41,1100
994,993.98,993.93,993.64,992.17,985.04,955.02,862.11,709.6,665.26,876.21,1294.1,1843.8,2370.2,2703.4,25,39,45,994,340,1900,2940
890.98,890.91,890.58,889.11,882,852.8,765.5,616.21,522.83,582.85,687.75,672.38,540.2,409.18,336.74,13,35,47,891,343,1900,290
921.99,921.96,921.82,921.06,917.24,899.12,827.91,621.74,310.93,136,196.1,498.88,1221.7,2280.7,3158.3,22,39,47,922,34,290,3900
730.01,730.05,730.25,731.15,735.93,755.67,825.25,975.23,1137.7,1133.6,954.86,979.83,1445.8,2089.2,2584,15,39,45,730,1944,190,3005
998,997.98,997.9,997.51,995.67,986.79,949.12,836.02,635.12,500.85,663.36,1244.1,2020.9,2567.4,2809,23,35,45,998,347,190,2940
935.34,935.38,935.65,936.78,942.17,964.16,1043.3,1249.8,1607.6,2016,2356.6,2589.1,2739.4,2829.5,2874.7,15.2,35.6,15,935.32,3418.3,1904,2905.5
94.001,94.006,94.024,94.133,94.615,96.78,105.59,132.69,190.54,269.64,332.11,324.99,237.98,136.6,73.808,20,39,25,94,1347.9,397.7,29.6
952.01,952.04,952.16,952.75,955.74,968.99,1021,1178.1,1482,1839.9,2144.1,2397.8,2622.2,2779.4,2859.2,20,35,35,952,3008,1900,2910
920.01,920.04,920.17,920.87,924.69,941.72,1011,1198.2,1475.7,1568.4,1204.7,589.7,219.04,149.93,167.35,20,35,59,920,3410,695,192
964,964.02,964.08,964.42,966.24,974.55,1008.7,1105.7,1229.1,1141.9,731.15,439.05,579.96,845.45,1001.8,23,35,55,964,2500,41,1100
994,993.98,993.93,993.6,991.91,983.33,947.43,840.79,685.83,680.69,937.82,1391.8,1965.2,2469,2756.3,25,39,65,994,340,1900,2940
890.98,890.91,890.58,888.62,879.44,841.81,735.31,578.07,518.68,624.75,762.11,760.84,605.02,438.74,346.61,13,35,77,891,343,1900,290
921.99,921.96,921.78,920.82,915.9,891.12,791.64,536.57,226.92,132.41,282.49,775.15,1756.7,2824.8,3479.7,22,39,87,922,34,290,3900
730.01,730.05,730.3,731.59,738.02,767.4,863.02,1039.5,1147,981.06,741.34,992.11,1731.2,2417.1,2785.4,15,39,95,730,1944,190,3005
998,997.99,997.92,997.62,996.27,989.97,965.07,886.53,724.6,570.54,595.42,851.47,1298.4,1872.5,2391.3,23,35,15,998,347,190,2940
